Date,Year,Quarter,Month,MonthName,Day,Weekday
2010-12-01,2010,4,12,December,1,Wednesday
2010-12-02,2010,4,12,December,2,Thursday
2010-12-03,2010,4,12,December,3,Friday
2010-12-05,2010,4,12,December,5,Sunday
2010-12-06,2010,4,12,December,6,Monday
2010-12-07,2010,4,12,December,7,Tuesday
2010-12-08,2010,4,12,December,8,Wednesday
2010-12-09,2010,4,12,December,9,Thursday
2010-12-10,2010,4,12,December,10,Friday
2010-12-12,2010,4,12,December,12,Sunday
2010-12-13,2010,4,12,December,13,Monday
2010-12-14,2010,4,12,December,14,Tuesday
2010-12-15,2010,4,12,December,15,Wednesday
2010-12-16,2010,4,12,December,16,Thursday
2010-12-17,2010,4,12,December,17,Friday
2010-12-19,2010,4,12,December,19,Sunday
2010-12-20,2010,4,12,December,20,Monday
2010-12-21,2010,4,12,December,21,Tuesday
2010-12-22,2010,4,12,December,22,Wednesday
2010-12-23,2010,4,12,December,23,Thursday
2011-01-04,2011,1,1,January,4,Tuesday
2011-01-05,2011,1,1,January,5,Wednesday
2011-01-06,2011,1,1,January,6,Thursday
2011-01-07,2011,1,1,January,7,Friday
2011-01-09,2011,1,1,January,9,Sunday
2011-01-10,2011,1,1,January,10,Monday
2011-01-11,2011,1,1,January,11,Tuesday
2011-01-12,2011,1,1,January,12,Wednesday
2011-01-13,2011,1,1,January,13,Thursday
2011-01-14,2011,1,1,January,14,Friday
2011-01-16,2011,1,1,January,16,Sunday
2011-01-17,2011,1,1,January,17,Monday
2011-01-18,2011,1,1,January,18,Tuesday
2011-01-19,2011,1,1,January,19,Wednesday
2011-01-20,2011,1,1,January,20,Thursday
2011-01-21,2011,1,1,January,21,Friday
2011-01-23,2011,1,1,January,23,Sunday
2011-01-24,2011,1,1,January,24,Monday
2011-01-25,2011,1,1,January,25,Tuesday
2011-01-26,2011,1,1,January,26,Wednesday
2011-01-27,2011,1,1,January,27,Thursday
2011-01-28,2011,1,1,January,28,Friday
2011-01-30,2011,1,1,January,30,Sunday
2011-01-31,2011,1,1,January,31,Monday
2011-02-01,2011,1,2,February,1,Tuesday
2011-02-02,2011,1,2,February,2,Wednesday
2011-02-03,2011,1,2,February,3,Thursday
2011-02-04,2011,1,2,February,4,Friday
2011-02-06,2011,1,2,February,6,Sunday
2011-02-07,2011,1,2,February,7,Monday
2011-02-08,2011,1,2,February,8,Tuesday
2011-02-09,2011,1,2,February,9,Wednesday
2011-02-10,2011,1,2,February,10,Thursday
2011-02-11,2011,1,2,February,11,Friday
2011-02-13,2011,1,2,February,13,Sunday
2011-02-14,2011,1,2,February,14,Monday
2011-02-15,2011,1,2,February,15,Tuesday
2011-02-16,2011,1,2,February,16,Wednesday
2011-02-17,2011,1,2,February,17,Thursday
2011-02-18,2011,1,2,February,18,Friday
2011-02-20,2011,1,2,February,20,Sunday
2011-02-21,2011,1,2,February,21,Monday
2011-02-22,2011,1,2,February,22,Tuesday
2011-02-23,2011,1,2,February,23,Wednesday
2011-02-24,2011,1,2,February,24,Thursday
2011-02-25,2011,1,2,February,25,Friday
2011-02-27,2011,1,2,February,27,Sunday
2011-02-28,2011,1,2,February,28,Monday
2011-03-01,2011,1,3,March,1,Tuesday
2011-03-02,2011,1,3,March,2,Wednesday
2011-03-03,2011,1,3,March,3,Thursday
2011-03-04,2011,1,3,March,4,Friday
2011-03-06,2011,1,3,March,6,Sunday
2011-03-07,2011,1,3,March,7,Monday
2011-03-08,2011,1,3,March,8,Tuesday
2011-03-09,2011,1,3,March,9,Wednesday
2011-03-10,2011,1,3,March,10,Thursday
2011-03-11,2011,1,3,March,11,Friday
2011-03-13,2011,1,3,March,13,Sunday
2011-03-14,2011,1,3,March,14,Monday
2011-03-15,2011,1,3,March,15,Tuesday
2011-03-16,2011,1,3,March,16,Wednesday
2011-03-17,2011,1,3,March,17,Thursday
2011-03-18,2011,1,3,March,18,Friday
2011-03-20,2011,1,3,March,20,Sunday
2011-03-21,2011,1,3,March,21,Monday
2011-03-22,2011,1,3,March,22,Tuesday
2011-03-23,2011,1,3,March,23,Wednesday
2011-03-24,2011,1,3,March,24,Thursday
2011-03-25,2011,1,3,March,25,Friday
2011-03-27,2011,1,3,March,27,Sunday
2011-03-28,2011,1,3,March,28,Monday
2011-03-29,2011,1,3,March,29,Tuesday
2011-03-30,2011,1,3,March,30,Wednesday
2011-03-31,2011,1,3,March,31,Thursday
2011-04-01,2011,2,4,April,1,Friday
2011-04-03,2011,2,4,April,3,Sunday
2011-04-04,2011,2,4,April,4,Monday
2011-04-05,2011,2,4,April,5,Tuesday
2011-04-06,2011,2,4,April,6,Wednesday
2011-04-07,2011,2,4,April,7,Thursday
2011-04-08,2011,2,4,April,8,Friday
2011-04-10,2011,2,4,April,10,Sunday
2011-04-11,2011,2,4,April,11,Monday
2011-04-12,2011,2,4,April,12,Tuesday
2011-04-13,2011,2,4,April,13,Wednesday
2011-04-14,2011,2,4,April,14,Thursday
2011-04-15,2011,2,4,April,15,Friday
2011-04-17,2011,2,4,April,17,Sunday
2011-04-18,2011,2,4,April,18,Monday
2011-04-19,2011,2,4,April,19,Tuesday
2011-04-20,2011,2,4,April,20,Wednesday
2011-04-21,2011,2,4,April,21,Thursday
2011-04-26,2011,2,4,April,26,Tuesday
2011-04-27,2011,2,4,April,27,Wednesday
2011-04-28,2011,2,4,April,28,Thursday
2011-05-01,2011,2,5,May,1,Sunday
2011-05-03,2011,2,5,May,3,Tuesday
2011-05-04,2011,2,5,May,4,Wednesday
2011-05-05,2011,2,5,May,5,Thursday
2011-05-06,2011,2,5,May,6,Friday
2011-05-08,2011,2,5,May,8,Sunday
2011-05-09,2011,2,5,May,9,Monday
2011-05-10,2011,2,5,May,10,Tuesday
2011-05-11,2011,2,5,May,11,Wednesday
2011-05-12,2011,2,5,May,12,Thursday
2011-05-13,2011,2,5,May,13,Friday
2011-05-15,2011,2,5,May,15,Sunday
2011-05-16,2011,2,5,May,16,Monday
2011-05-17,2011,2,5,May,17,Tuesday
2011-05-18,2011,2,5,May,18,Wednesday
2011-05-19,2011,2,5,May,19,Thursday
2011-05-20,2011,2,5,May,20,Friday
2011-05-22,2011,2,5,May,22,Sunday
2011-05-23,2011,2,5,May,23,Monday
2011-05-24,2011,2,5,May,24,Tuesday
2011-05-25,2011,2,5,May,25,Wednesday
2011-05-26,2011,2,5,May,26,Thursday
2011-05-27,2011,2,5,May,27,Friday
2011-05-29,2011,2,5,May,29,Sunday
2011-05-31,2011,2,5,May,31,Tuesday
2011-06-01,2011,2,6,June,1,Wednesday
2011-06-02,2011,2,6,June,2,Thursday
2011-06-03,2011,2,6,June,3,Friday
2011-06-05,2011,2,6,June,5,Sunday
2011-06-06,2011,2,6,June,6,Monday
2011-06-07,2011,2,6,June,7,Tuesday
2011-06-08,2011,2,6,June,8,Wednesday
2011-06-09,2011,2,6,June,9,Thursday
2011-06-10,2011,2,6,June,10,Friday
2011-06-12,2011,2,6,June,12,Sunday
2011-06-13,2011,2,6,June,13,Monday
2011-06-14,2011,2,6,June,14,Tuesday
2011-06-15,2011,2,6,June,15,Wednesday
2011-06-16,2011,2,6,June,16,Thursday
2011-06-17,2011,2,6,June,17,Friday
2011-06-19,2011,2,6,June,19,Sunday
2011-06-20,2011,2,6,June,20,Monday
2011-06-21,2011,2,6,June,21,Tuesday
2011-06-22,2011,2,6,June,22,Wednesday
2011-06-23,2011,2,6,June,23,Thursday
2011-06-24,2011,2,6,June,24,Friday
2011-06-26,2011,2,6,June,26,Sunday
2011-06-27,2011,2,6,June,27,Monday
2011-06-28,2011,2,6,June,28,Tuesday
2011-06-29,2011,2,6,June,29,Wednesday
2011-06-30,2011,2,6,June,30,Thursday
2011-07-01,2011,3,7,July,1,Friday
2011-07-03,2011,3,7,July,3,Sunday
2011-07-04,2011,3,7,July,4,Monday
2011-07-05,2011,3,7,July,5,Tuesday
2011-07-06,2011,3,7,July,6,Wednesday
2011-07-07,2011,3,7,July,7,Thursday
2011-07-08,2011,3,7,July,8,Friday
2011-07-10,2011,3,7,July,10,Sunday
2011-07-11,2011,3,7,July,11,Monday
2011-07-12,2011,3,7,July,12,Tuesday
2011-07-13,2011,3,7,July,13,Wednesday
2011-07-14,2011,3,7,July,14,Thursday
2011-07-15,2011,3,7,July,15,Friday
2011-07-17,2011,3,7,July,17,Sunday
2011-07-18,2011,3,7,July,18,Monday
2011-07-19,2011,3,7,July,19,Tuesday
2011-07-20,2011,3,7,July,20,Wednesday
2011-07-21,2011,3,7,July,21,Thursday
2011-07-22,2011,3,7,July,22,Friday
2011-07-24,2011,3,7,July,24,Sunday
2011-07-25,2011,3,7,July,25,Monday
2011-07-26,2011,3,7,July,26,Tuesday
2011-07-27,2011,3,7,July,27,Wednesday
2011-07-28,2011,3,7,July,28,Thursday
2011-07-29,2011,3,7,July,29,Friday
2011-07-31,2011,3,7,July,31,Sunday
2011-08-01,2011,3,8,August,1,Monday
2011-08-02,2011,3,8,August,2,Tuesday
2011-08-03,2011,3,8,August,3,Wednesday
2011-08-04,2011,3,8,August,4,Thursday
2011-08-05,2011,3,8,August,5,Friday
2011-08-07,2011,3,8,August,7,Sunday
2011-08-08,2011,3,8,August,8,Monday
2011-08-09,2011,3,8,August,9,Tuesday
2011-08-10,2011,3,8,August,10,Wednesday
2011-08-11,2011,3,8,August,11,Thursday
2011-08-12,2011,3,8,August,12,Friday
2011-08-14,2011,3,8,August,14,Sunday
2011-08-15,2011,3,8,August,15,Monday
2011-08-16,2011,3,8,August,16,Tuesday
2011-08-17,2011,3,8,August,17,Wednesday
2011-08-18,2011,3,8,August,18,Thursday
2011-08-19,2011,3,8,August,19,Friday
2011-08-21,2011,3,8,August,21,Sunday
2011-08-22,2011,3,8,August,22,Monday
2011-08-23,2011,3,8,August,23,Tuesday
2011-08-24,2011,3,8,August,24,Wednesday
2011-08-25,2011,3,8,August,25,Thursday
2011-08-26,2011,3,8,August,26,Friday
2011-08-28,2011,3,8,August,28,Sunday
2011-08-30,2011,3,8,August,30,Tuesday
2011-08-31,2011,3,8,August,31,Wednesday
2011-09-01,2011,3,9,September,1,Thursday
2011-09-02,2011,3,9,September,2,Friday
2011-09-04,2011,3,9,September,4,Sunday
2011-09-05,2011,3,9,September,5,Monday
2011-09-06,2011,3,9,September,6,Tuesday
2011-09-07,2011,3,9,September,7,Wednesday
2011-09-08,2011,3,9,September,8,Thursday
2011-09-09,2011,3,9,September,9,Friday
2011-09-11,2011,3,9,September,11,Sunday
2011-09-12,2011,3,9,September,12,Monday
2011-09-13,2011,3,9,September,13,Tuesday
2011-09-14,2011,3,9,September,14,Wednesday
2011-09-15,2011,3,9,September,15,Thursday
2011-09-16,2011,3,9,September,16,Friday
2011-09-18,2011,3,9,September,18,Sunday
2011-09-19,2011,3,9,September,19,Monday
2011-09-20,2011,3,9,September,20,Tuesday
2011-09-21,2011,3,9,September,21,Wednesday
2011-09-22,2011,3,9,September,22,Thursday
2011-09-23,2011,3,9,September,23,Friday
2011-09-25,2011,3,9,September,25,Sunday
2011-09-26,2011,3,9,September,26,Monday
2011-09-27,2011,3,9,September,27,Tuesday
2011-09-28,2011,3,9,September,28,Wednesday
2011-09-29,2011,3,9,September,29,Thursday
2011-09-30,2011,3,9,September,30,Friday
2011-10-02,2011,4,10,October,2,Sunday
2011-10-03,2011,4,10,October,3,Monday
2011-10-04,2011,4,10,October,4,Tuesday
2011-10-05,2011,4,10,October,5,Wednesday
2011-10-06,2011,4,10,October,6,Thursday
2011-10-07,2011,4,10,October,7,Friday
2011-10-09,2011,4,10,October,9,Sunday
2011-10-10,2011,4,10,October,10,Monday
2011-10-11,2011,4,10,October,11,Tuesday
2011-10-12,2011,4,10,October,12,Wednesday
2011-10-13,2011,4,10,October,13,Thursday
2011-10-14,2011,4,10,October,14,Friday
2011-10-16,2011,4,10,October,16,Sunday
2011-10-17,2011,4,10,October,17,Monday
2011-10-18,2011,4,10,October,18,Tuesday
2011-10-19,2011,4,10,October,19,Wednesday
2011-10-20,2011,4,10,October,20,Thursday
2011-10-21,2011,4,10,October,21,Friday
2011-10-23,2011,4,10,October,23,Sunday
2011-10-24,2011,4,10,October,24,Monday
2011-10-25,2011,4,10,October,25,Tuesday
2011-10-26,2011,4,10,October,26,Wednesday
2011-10-27,2011,4,10,October,27,Thursday
2011-10-28,2011,4,10,October,28,Friday
2011-10-30,2011,4,10,October,30,Sunday
2011-10-31,2011,4,10,October,31,Monday
2011-11-01,2011,4,11,November,1,Tuesday
2011-11-02,2011,4,11,November,2,Wednesday
2011-11-03,2011,4,11,November,3,Thursday
2011-11-04,2011,4,11,November,4,Friday
2011-11-06,2011,4,11,November,6,Sunday
2011-11-07,2011,4,11,November,7,Monday
2011-11-08,2011,4,11,November,8,Tuesday
2011-11-09,2011,4,11,November,9,Wednesday
2011-11-10,2011,4,11,November,10,Thursday
2011-11-11,2011,4,11,November,11,Friday
2011-11-13,2011,4,11,November,13,Sunday
2011-11-14,2011,4,11,November,14,Monday
2011-11-15,2011,4,11,November,15,Tuesday
2011-11-16,2011,4,11,November,16,Wednesday
2011-11-17,2011,4,11,November,17,Thursday
2011-11-18,2011,4,11,November,18,Friday
2011-11-20,2011,4,11,November,20,Sunday
2011-11-21,2011,4,11,November,21,Monday
2011-11-22,2011,4,11,November,22,Tuesday
2011-11-23,2011,4,11,November,23,Wednesday
2011-11-24,2011,4,11,November,24,Thursday
2011-11-25,2011,4,11,November,25,Friday
2011-11-27,2011,4,11,November,27,Sunday
2011-11-28,2011,4,11,November,28,Monday
2011-11-29,2011,4,11,November,29,Tuesday
2011-11-30,2011,4,11,November,30,Wednesday
2011-12-01,2011,4,12,December,1,Thursday
2011-12-02,2011,4,12,December,2,Friday
2011-12-04,2011,4,12,December,4,Sunday
2011-12-05,2011,4,12,December,5,Monday
2011-12-06,2011,4,12,December,6,Tuesday
2011-12-07,2011,4,12,December,7,Wednesday
2011-12-08,2011,4,12,December,8,Thursday
2011-12-09,2011,4,12,December,9,Friday
